document_id,family,relative_path,owner,status,applicable_release_profile,source_sha,artifact_digest,verification_receipt,last_verified_utc,reverify_trigger,notes
PKG-DOC01,coder-guide,00_START_HERE_CODER_DOCUMENTATION.md,coordinator,boot001_source_integrated_closeout_pending,workflow-package-v1.3,,,records/BOOT-001_REVIEW_FOLLOWUP.md,,workflow-change,BOOT-001 source at 880f59d86ae936b2c4968378bc6a0b08ba61092f passed bounded documentation integration checks; the records-only closeout remains separately pending protected integration; status does not verify the current closeout record bytes or product behavior
PKG-DOC02,documentation-process,06_DOCUMENTATION_AND_CHANGELOG_WORKFLOW.md,documentation-reviewer,authored_unrehearsed,workflow-package-v1.3,,,,,workflow-change,Defines incremental documentation and separate changelogs
PKG-DOC03,release-process,07_RELEASE_AND_ACCEPTANCE.md,integrator,authored_unrehearsed,workflow-package-v1.3,,,,,release-process-change,Does not qualify a software release
PKG-RB07,process-runbook,runbooks/RB07_RELEASE_CANDIDATE_AND_REHEARSAL.md,integrator,authored_unrehearsed,workflow-package-v1.3,,,,,process-or-command-change,Product commands must come from implemented candidate
PKG-RB08,process-runbook,runbooks/RB08_DOCUMENTATION_WALKTHROUGH.md,documentation-reviewer,authored_unrehearsed,workflow-package-v1.3,,,,,process-change,Installed walkthrough not run
SW-DOC01,operator-guide,TO_BE_ASSIGNED,WP25,planned,first-release,,,,,command-schema-profile-or-error-change,Create incrementally from real implemented behavior
SW-DOC02,command-reference,TO_BE_ASSIGNED,WP02-WP09-WP25,planned,first-release,,,,,grammar-schema-or-handler-change,Generate compatible views from canonical owners
SW-RB01,installation-runbook,TO_BE_ASSIGNED,WP09-WP12-WP24-WP25,planned,first-release,,,,,installer-profile-or-trust-change,Qualify installed package on clean release-test target
SW-RB02,update-runbook,TO_BE_ASSIGNED,WP21-WP24-WP25,planned,first-release,,,,,supported-edge-or-reader-change,Include failure and reconciliation branches
SW-RB03,recovery-runbook,TO_BE_ASSIGNED,WP14-WP15-WP24-WP25,planned,first-release,,,,,backup-schema-storage-trust-or-key-change,Independent custody and complete recovery proof required
SW-DOC03,troubleshooting,TO_BE_ASSIGNED,WP22-WP25,planned,first-release,,,,,error-guidance-or-evidence-change,Owned safe guidance; no blind retries
SW-DOC04,software-changelog,CHANGELOG.md,integrator,template_only,unreleased,,,,,operator-visible-change,Adopt repository template; no software release yet
PKG-DOC04,workflow,01_WORKFLOW_AND_DECISIONS.md,coordinator,boot001_source_integrated_closeout_pending,workflow-package-v1.3,,,records/BOOT-001_REVIEW_FOLLOWUP.md,,process-or-contract-change,BOOT-001 source at 880f59d86ae936b2c4968378bc6a0b08ba61092f passed bounded documentation integration checks; the records-only closeout remains separately pending protected integration; status does not verify the current closeout record bytes or product behavior
PKG-DOC05,roadmap,02_IMPLEMENTATION_ROADMAP.md,coordinator,boot001_source_integrated_closeout_pending,workflow-package-v1.3,,,records/BOOT-001_REVIEW_FOLLOWUP.md,,process-or-contract-change,BOOT-001 source at 880f59d86ae936b2c4968378bc6a0b08ba61092f passed bounded documentation integration checks; the records-only closeout remains separately pending protected integration; status does not verify the current closeout record bytes or product behavior
PKG-DOC06,change-control,03_GITHUB_AND_CHANGE_CONTROL.md,integrator,boot001_source_integrated_closeout_pending,workflow-package-v1.3,,,records/BOOT-001_REVIEW_FOLLOWUP.md,,process-or-contract-change,BOOT-001 source at 880f59d86ae936b2c4968378bc6a0b08ba61092f passed bounded documentation integration checks; the records-only closeout remains separately pending protected integration; status does not verify the current closeout record bytes or product behavior
PKG-DOC07,context-handoff,04_CHAT_CONTEXT_AND_HANDOFF.md,coordinator,boot001_source_integrated_closeout_pending,workflow-package-v1.3,,,records/BOOT-001_REVIEW_FOLLOWUP.md,,process-or-contract-change,BOOT-001 source at 880f59d86ae936b2c4968378bc6a0b08ba61092f passed bounded documentation integration checks; the records-only closeout remains separately pending protected integration; status does not verify the current closeout record bytes or product behavior
PKG-DOC08,test-strategy,05_TEST_AND_EVIDENCE_STRATEGY.md,test-operator,authored_unrehearsed,workflow-package-v1.3,,,,,process-or-contract-change,Package guidance; installed product walkthrough not run
PKG-DOC09,security-scope,08_SECURITY_AND_SCOPE_RULES.md,reviewer,authored_unrehearsed,workflow-package-v1.3,,,,,process-or-contract-change,Package guidance; installed product walkthrough not run
PKG-DOC10,process-troubleshooting,09_TROUBLESHOOTING_THE_CODING_PROCESS.md,coordinator,authored_unrehearsed,workflow-package-v1.3,,,,,process-or-contract-change,Package guidance; installed product walkthrough not run
PKG-DOC11,package-index,10_PACKAGE_INDEX.md,documentation-owner,authored_unrehearsed,workflow-package-v1.3,,,,,process-or-contract-change,Package guidance; installed product walkthrough not run
PKG-RB01,process-runbook,runbooks/RB01_START_OR_RESUME_A_SESSION.md,operator,boot001_source_integrated_closeout_pending,workflow-package-v1.3,,,records/BOOT-001_REVIEW_FOLLOWUP.md,,process-or-contract-change,BOOT-001 source at 880f59d86ae936b2c4968378bc6a0b08ba61092f passed bounded documentation integration checks; the records-only closeout remains separately pending protected integration; status does not verify the current closeout record bytes or product behavior
PKG-RB02,process-runbook,runbooks/RB02_RECEIVE_AND_APPLY_A_PATCH.md,operator,authored_unrehearsed,workflow-package-v1.3,,,,,process-or-contract-change,Package guidance; installed product walkthrough not run
PKG-RB03,process-runbook,runbooks/RB03_TEST_ON_DEVBOX.md,operator,authored_unrehearsed,workflow-package-v1.3,,,,,process-or-contract-change,Package guidance; installed product walkthrough not run
PKG-RB04,process-runbook,runbooks/RB04_QUALIFY_ON_RELEASE_TEST.md,operator,authored_unrehearsed,workflow-package-v1.3,,,,,process-or-contract-change,Package guidance; installed product walkthrough not run
PKG-RB05,process-runbook,runbooks/RB05_RECOVER_ACCESS_OR_RESET_TEST_BOX.md,operator,authored_unrehearsed,workflow-package-v1.3,,,,,process-or-contract-change,Package guidance; installed product walkthrough not run
PKG-RB06,process-runbook,runbooks/RB06_CLOSE_TASK_AND_HANDOFF.md,operator,authored_unrehearsed,workflow-package-v1.3,,,,,process-or-contract-change,Package guidance; installed product walkthrough not run
PKG-RB09,process-runbook,runbooks/RB09_HANDLE_SECRETS_OR_UNTRUSTED_OUTPUT.md,operator,authored_unrehearsed,workflow-package-v1.3,,,,,process-or-contract-change,Package guidance; installed product walkthrough not run
PKG-RB10,process-runbook,runbooks/RB10_PLAIN_CHAT_FILE_HANDOFF.md,operator,boot001_source_integrated_closeout_pending,workflow-package-v1.3,,,records/BOOT-001_REVIEW_FOLLOWUP.md,,process-or-contract-change,BOOT-001 source at 880f59d86ae936b2c4968378bc6a0b08ba61092f passed bounded documentation integration checks; the records-only closeout remains separately pending protected integration; status does not verify the current closeout record bytes or product behavior
PKG-DOC12,package-audit,AUDIT_AND_REVISION_NOTES.md,reviewer,authored_unrehearsed,workflow-package-v1.3,,,,,process-or-contract-change,Fresh-install scope and new-repository revision; no product security qualification
PKG-RB11,process-runbook,runbooks/RB11_NEW_REPOSITORY_STARTUP.md,operator,boot001_source_integrated_closeout_pending,workflow-package-v1.3,cc4e94135a5b2709dc907ad799b95b9a4c511f73,,tasks/BOOT-000.md,,process-capability-or-authority-change,BOOT-000 root/receipt provenance retained; BOOT-001 source at 880f59d86ae936b2c4968378bc6a0b08ba61092f passed bounded documentation integration checks; records-only closeout remains separately pending protected integration; runbook source remains distribution text
PKG-RB12,process-runbook,runbooks/RB12_DIRECT_GITHUB_OPERATIONS.md,operator,authored_unrehearsed,workflow-package-v1.3,,,,,process-capability-or-authority-change,Optional authorized connector route and manual fallback; workflow not rehearsed
PKG-BASE,active-specification,baseline/Actools_Drupal_Community_Rewrite_Architecture_Implementation_v1.5.1.md,coordinator,authored_unrehearsed,workflow-package-v1.3,,,,,scope-or-procedure-change,No execution or runtime verification claimed
PKG-REF,historical-reference,reference/Architecture_v1.5_ORIGINAL_REFERENCE_ONLY.md,coordinator,authored_unrehearsed,workflow-package-v1.3,,,,,scope-or-procedure-change,Reference only
PKG-BOOT000,task-card,tasks/BOOT-000.md,coordinator,execution_receipt_recorded,workflow-package-v1.3,cc4e94135a5b2709dc907ad799b95b9a4c511f73,,tasks/BOOT-000.md,,scope-or-procedure-change,Bounded bootstrap accepted; startup coordinator review is not an independent reviewer conversation
PKG-BOOT001,task-card,tasks/BOOT-001.md,coordinator,boot001_source_integrated_closeout_pending,workflow-package-v1.3,,,records/BOOT-001_REVIEW_FOLLOWUP.md,,scope-or-procedure-change,BOOT-001 source at 880f59d86ae936b2c4968378bc6a0b08ba61092f passed bounded documentation integration checks; the records-only closeout remains separately pending protected integration; status does not verify the current closeout record bytes or product behavior
PKG-STATE,execution-record,records/PROJECT_STATE.md,operator,boot001_source_integrated_closeout_pending,workflow-package-v1.3,,,records/BOOT-001_REVIEW_FOLLOWUP.md,,execution-or-record-change,BOOT-001 source at 880f59d86ae936b2c4968378bc6a0b08ba61092f passed bounded documentation integration checks; the records-only closeout remains separately pending protected integration; status does not verify the current closeout record bytes or product behavior
PKG-HANDOFF,execution-record,records/SESSION_HANDOFF.md,operator,boot001_source_integrated_closeout_pending,workflow-package-v1.3,,,records/BOOT-001_REVIEW_FOLLOWUP.md,,execution-or-record-change,BOOT-001 source at 880f59d86ae936b2c4968378bc6a0b08ba61092f passed bounded documentation integration checks; the records-only closeout remains separately pending protected integration; status does not verify the current closeout record bytes or product behavior
PKG-LEDGER,task-record,records/TASK_LEDGER.csv,operator,boot001_source_integrated_closeout_pending,workflow-package-v1.3,,,records/BOOT-001_REVIEW_FOLLOWUP.md,,execution-or-record-change,BOOT-001 source at 880f59d86ae936b2c4968378bc6a0b08ba61092f passed bounded documentation integration checks; the records-only closeout remains separately pending protected integration; status does not verify the current closeout record bytes or product behavior
PKG-DECISIONS,decision-record,records/DECISION_LOG.md,operator,boot001_source_integrated_closeout_pending,workflow-package-v1.3,,,records/BOOT-001_REVIEW_FOLLOWUP.md,,execution-or-record-change,BOOT-001 source at 880f59d86ae936b2c4968378bc6a0b08ba61092f passed bounded documentation integration checks; the records-only closeout remains separately pending protected integration; status does not verify the current closeout record bytes or product behavior
PKG-CHANGELOG,package-changelog,PACKAGE_CHANGELOG.md,operator,boot001_source_integrated_closeout_pending,workflow-package-v1.3,,,records/BOOT-001_REVIEW_FOLLOWUP.md,,execution-or-record-change,BOOT-001 source at 880f59d86ae936b2c4968378bc6a0b08ba61092f passed bounded documentation integration checks; the records-only closeout remains separately pending protected integration; status does not verify the current closeout record bytes or product behavior
PKG-P02-01,workflow-correction,README.md,coordinator,boot001_source_integrated_closeout_pending,workflow-package-v1.3,,,records/BOOT-001_REVIEW_FOLLOWUP.md,,review-or-process-change,P02 source content is integrated in BOOT-001 merge 880f59d86ae936b2c4968378bc6a0b08ba61092f; the records-only closeout remains separately pending protected integration; no product qualification claimed
PKG-P02-02,workflow-correction,prompts/03_INDEPENDENT_REVIEWER.md,coordinator,boot001_source_integrated_closeout_pending,workflow-package-v1.3,,,records/BOOT-001_REVIEW_FOLLOWUP.md,,review-or-process-change,P02 source content is integrated in BOOT-001 merge 880f59d86ae936b2c4968378bc6a0b08ba61092f; the records-only closeout remains separately pending protected integration; no product qualification claimed
PKG-P02-03,workflow-correction,prompts/04_DOCUMENTATION_REVIEWER.md,coordinator,boot001_source_integrated_closeout_pending,workflow-package-v1.3,,,records/BOOT-001_REVIEW_FOLLOWUP.md,,review-or-process-change,P02 source content is integrated in BOOT-001 merge 880f59d86ae936b2c4968378bc6a0b08ba61092f; the records-only closeout remains separately pending protected integration; no product qualification claimed
PKG-P02-04,workflow-correction,prompts/05_SESSION_RESTART.md,coordinator,boot001_source_integrated_closeout_pending,workflow-package-v1.3,,,records/BOOT-001_REVIEW_FOLLOWUP.md,,review-or-process-change,P02 source content is integrated in BOOT-001 merge 880f59d86ae936b2c4968378bc6a0b08ba61092f; the records-only closeout remains separately pending protected integration; no product qualification claimed
PKG-P02-05,workflow-correction,records/BOOT-001_REVIEW_FOLLOWUP.md,coordinator,boot001_source_integrated_closeout_pending,workflow-package-v1.3,,,records/BOOT-001_REVIEW_FOLLOWUP.md,,review-or-process-change,P02 source content is integrated in BOOT-001 merge 880f59d86ae936b2c4968378bc6a0b08ba61092f; the records-only closeout remains separately pending protected integration; no product qualification claimed
PKG-P02-06,workflow-correction,records/DOCUMENTATION_REGISTER.csv,coordinator,boot001_source_integrated_closeout_pending,workflow-package-v1.3,,,records/BOOT-001_REVIEW_FOLLOWUP.md,,review-or-process-change,P02 source content is integrated in BOOT-001 merge 880f59d86ae936b2c4968378bc6a0b08ba61092f; the records-only closeout remains separately pending protected integration; no product qualification claimed
PKG-P02-07,workflow-correction,records/REVIEW_LOG.csv,coordinator,boot001_source_integrated_closeout_pending,workflow-package-v1.3,,,records/BOOT-001_REVIEW_FOLLOWUP.md,,review-or-process-change,P02 source content is integrated in BOOT-001 merge 880f59d86ae936b2c4968378bc6a0b08ba61092f; the records-only closeout remains separately pending protected integration; no product qualification claimed
PKG-P02-08,workflow-correction,records/REVIEW_ROUTE_DECISION.md,coordinator,boot001_source_integrated_closeout_pending,workflow-package-v1.3,,,records/BOOT-001_REVIEW_FOLLOWUP.md,,review-or-process-change,P02 source content is integrated in BOOT-001 merge 880f59d86ae936b2c4968378bc6a0b08ba61092f; the records-only closeout remains separately pending protected integration; no product qualification claimed
PKG-P02-09,workflow-correction,templates/CONTEXT_PACKET.md,coordinator,boot001_source_integrated_closeout_pending,workflow-package-v1.3,,,records/BOOT-001_REVIEW_FOLLOWUP.md,,review-or-process-change,P02 source content is integrated in BOOT-001 merge 880f59d86ae936b2c4968378bc6a0b08ba61092f; the records-only closeout remains separately pending protected integration; no product qualification claimed
PKG-P02-10,workflow-correction,templates/REVIEW_RECORD.md,coordinator,boot001_source_integrated_closeout_pending,workflow-package-v1.3,,,records/BOOT-001_REVIEW_FOLLOWUP.md,,review-or-process-change,P02 source content is integrated in BOOT-001 merge 880f59d86ae936b2c4968378bc6a0b08ba61092f; the records-only closeout remains separately pending protected integration; no product qualification claimed
CP001-LICENSE,license,../LICENSE,coordinator,cp001_source_integrated_reviewed,cp001-source,58cfa0d53abb002bd33cd185f56f62c9d830162c,c8193d096b4a26aad3224470b54da76ce91ec10f7d213fdd123441c6e6a9fe53,external:CP001-IR-58cfa0d-post-merge-v1@sha256:e50d7d370165c8459d3bb070e057864bfcde4036b8974c82615a5dc98ddef451,2026-09-11T07:05:56Z,license-or-provenance-change,Exact bytes rehashed in accepted candidate and actual merge 58cfa0d53abb002bd33cd185f56f62c9d830162c; post-merge review confirms identity. CP-001 source/package scope only; no product/release qualification.
CP001-NOTICE,notices,../NOTICE.md,coordinator,cp001_source_integrated_reviewed,cp001-source,58cfa0d53abb002bd33cd185f56f62c9d830162c,0a29cc47836d6a251e8ebf081025bef07ea5b2a7764ad7854cadc8fd071bd054,external:CP001-IR-58cfa0d-post-merge-v1@sha256:e50d7d370165c8459d3bb070e057864bfcde4036b8974c82615a5dc98ddef451,2026-09-11T07:05:56Z,license-or-provenance-change,Exact bytes rehashed in accepted candidate and actual merge 58cfa0d53abb002bd33cd185f56f62c9d830162c; post-merge review confirms identity. CP-001 source/package scope only; no product/release qualification.
CP001-AGENTS,repository-instructions,../AGENTS.md,coordinator,cp001_source_integrated_reviewed,cp001-source,58cfa0d53abb002bd33cd185f56f62c9d830162c,62f4fd2a744d724cecd5ca340ae55b88902fe973ddbe5038c962437d4979f887,external:CP001-IR-58cfa0d-post-merge-v1@sha256:e50d7d370165c8459d3bb070e057864bfcde4036b8974c82615a5dc98ddef451,2026-09-11T07:05:56Z,source-or-workflow-change,Exact bytes rehashed in accepted candidate and actual merge 58cfa0d53abb002bd33cd185f56f62c9d830162c; post-merge review confirms identity. CP-001 source/package scope only; no product/release qualification.
CP001-CONTRIB,contributor-guide,../CONTRIBUTING.md,coordinator,cp001_source_integrated_reviewed,cp001-source,58cfa0d53abb002bd33cd185f56f62c9d830162c,5853e93f1e821a61a560d023edf57a9d952093a6ec96f0367d2549d667921f86,external:CP001-IR-58cfa0d-post-merge-v1@sha256:e50d7d370165c8459d3bb070e057864bfcde4036b8974c82615a5dc98ddef451,2026-09-11T07:05:56Z,tooling-or-workflow-change,Exact bytes rehashed in accepted candidate and actual merge 58cfa0d53abb002bd33cd185f56f62c9d830162c; post-merge review confirms identity. CP-001 source/package scope only; no product/release qualification.
CP001-SECURITY,security-guidance,../SECURITY.md,coordinator,cp001_source_integrated_reviewed,cp001-source,58cfa0d53abb002bd33cd185f56f62c9d830162c,a8df0f5fbd1f931cbee63cf51bf5f51f0693d06ffeb9c725db803e36ae7cd365,external:CP001-IR-58cfa0d-post-merge-v1@sha256:e50d7d370165c8459d3bb070e057864bfcde4036b8974c82615a5dc98ddef451,2026-09-11T07:05:56Z,security-process-change,Exact bytes rehashed in accepted candidate and actual merge 58cfa0d53abb002bd33cd185f56f62c9d830162c; post-merge review confirms identity. CP-001 source/package scope only; no product/release qualification.
CP001-CHANGELOG,product-changelog,../CHANGELOG.md,coordinator,cp001_source_integrated_reviewed,cp001-source,58cfa0d53abb002bd33cd185f56f62c9d830162c,33977f913a733fc8547bb04bdcf819a6a1ad3580e05d9df6acf0dacc9a880fc1,external:CP001-IR-58cfa0d-post-merge-v1@sha256:e50d7d370165c8459d3bb070e057864bfcde4036b8974c82615a5dc98ddef451,2026-09-11T07:05:56Z,implemented-behavior-change,Exact bytes rehashed in accepted candidate and actual merge 58cfa0d53abb002bd33cd185f56f62c9d830162c; post-merge review confirms identity. CP-001 source/package scope only; no product/release qualification.
CP001-ADR001,architecture-decision,../docs/adr/0001-package-and-source-ci.md,coordinator,pm-r01_chronology_edit_pending_review,cp001-source,58cfa0d53abb002bd33cd185f56f62c9d830162c,e42fd1948c52efcf85f0f5cafacf8a76411496d94f926cda02408b33a2763535,external:CP001-IR-58cfa0d-post-merge-v1@sha256:e50d7d370165c8459d3bb070e057864bfcde4036b8974c82615a5dc98ddef451,2026-09-11T07:05:56Z,package-or-ci-contract-change,Technical ADR bytes at the implementation merge were independently re-read and accepted; PM-R01 changes chronology/status only and the new closeout bytes require focused review. Candidate/merge identity for the records commit is external to avoid self-reference.
CP001-SOURCECI,developer-guide,../docs/development/source-ci.md,coordinator,pm-r01_chronology_edit_pending_review,cp001-source,58cfa0d53abb002bd33cd185f56f62c9d830162c,b31fb2143a38e4cac766e1d3147fde221c8950f3d2825cbe52d51ea2695e37f3,external:CP001-IR-58cfa0d-post-merge-v1@sha256:e50d7d370165c8459d3bb070e057864bfcde4036b8974c82615a5dc98ddef451,2026-09-11T07:05:56Z,tooling-or-ci-change,Technical source-CI guide bytes at the implementation merge were independently re-read and accepted; PM-R01 changes evidence chronology only and the new closeout bytes require focused review. No product/host qualification claimed.
